cost_bps,total_return,annual_return,annual_volatility,sharpe_ratio,total_cost,cost_ratio,turnover
35,1.8886456948144623,0.4759387150932445,4.657067338533549,0.10219708681367523,0.007,8.102636138621553e-05,0.002
