cost_bps,total_return,annual_return,annual_volatility,sharpe_ratio,total_cost,cost_ratio,turnover
30,1.8896456948144618,0.47619071509324434,4.657121171380446,0.10225001617299423,0.006,6.945116690247045e-05,0.002
