cost_bps,total_return,annual_return,annual_volatility,sharpe_ratio,total_cost,cost_ratio,turnover
40,1.8876456948144629,0.4756867150932446,4.657013532066225,0.10214415565208629,0.008,9.26015558699606e-05,0.002
