cost_bps,total_return,annual_return,annual_volatility,sharpe_ratio,total_cost,cost_ratio,turnover
25,1.890645694814463,0.47644271509324465,4.657175030606001,0.10230294372922656,0.005,5.7875972418725374e-05,0.002
