cost_bps,total_return,annual_return,annual_volatility,sharpe_ratio,total_cost,cost_ratio,turnover
20,1.8916456948144624,0.4766947150932445,4.657228916209298,0.1023558694815554,0.004,4.63007779349803e-05,0.002
