,In-Sample Mean,In-Sample Std,Out-of-Sample Mean,Out-of-Sample Std
total_return,-4.570507240203798,33.39932796460214,0.0,0.0
sharpe_ratio,-1.11367870628199,4.583049276708655,0.0,0.0
max_drawdown,-13.855865604105578,21.749961639611822,0.0,0.0
avg_return,-0.03001973891805105,0.10545915786762963,0.0,0.0
std_return,0.24648870041387858,0.18009862684212374,0.0,0.0
hit_ratio,0.03680476094206267,0.048405499127212856,0.0,0.0
annual_return,-7.5649742073488655,26.57570778264267,0.0,0.0
turnover,0.13868030905723572,0.1745348572731018,0.0,0.0
