Metric,In-Sample,Out-of-Sample
total_return,-44.85253615464303,0.0
sharpe_ratio,-6.912820174874905,0.0
max_drawdown,-45.10279800306402,0.0
avg_return,-0.1601876291237251,0.0
std_return,0.3678527307660743,0.0
hit_ratio,0.0035714285714285713,0.0
annual_return,-40.36728253917873,0.0
turnover,0.33691754937171936,0.0
