Metric,In-Sample,Out-of-Sample
total_return,0.14746384535696433,0.0
sharpe_ratio,0.00974985435391219,0.0
max_drawdown,-0.9999999979388463,0.0
avg_return,0.00023041225837025676,0.0
std_return,0.37515239461429417,0.0
hit_ratio,0.071875,0.0
annual_return,0.058063889109304705,0.0
turnover,0.004694835748523474,0.0
