Metric,In-Sample,Out-of-Sample
total_return,45.64694005576303,0.0
sharpe_ratio,4.0795634483451835,0.0
max_drawdown,-0.35305994423696613,0.0
avg_return,0.06253005487090826,0.0
std_return,0.24331864438498332,0.0
hit_ratio,0.06301369863013699,0.0
annual_return,15.757573827468882,0.0
turnover,0.12620027363300323,0.0
