Metric,In-Sample,Out-of-Sample
total_return,-0.10279809581595971,0.0
sharpe_ratio,-0.5265241901112209,0.0
max_drawdown,-0.10279809581595971,0.0
avg_return,-0.00011296494045709857,0.0
std_return,0.0034058508034235046,0.0
hit_ratio,0.0,0.0
annual_return,-0.02846716499518884,0.0
turnover,0.002200220013037324,0.0
