total_return,sharpe_ratio,max_drawdown,avg_return,std_return,hit_ratio,annual_return,turnover
26.025413035084462,7.035376218284844,0.0,0.1626588314692779,0.3670207277594539,0.16875,40.99002553025803,0.29925898
