total_return,sharpe_ratio,max_drawdown,avg_return,std_return,hit_ratio,annual_return,turnover
26.82895419840991,7.054339432974777,0.0,0.16768096374006194,0.37733551145731714,0.16875,42.25560286249561,0.30776206
