total_return,sharpe_ratio,max_drawdown,avg_return,std_return,hit_ratio,annual_return,turnover,activation
26.82895419840991,7.054339432974777,0.0,0.16768096374006194,0.37733551145731714,0.16875,42.25560286249561,0.30776206,relu
24.670089525775843,7.058005689771015,0.0,0.15418805953609901,0.3467919510969174,0.16875,38.855391003096955,0.28444517,tanh
25.2511466116716,7.05784662681299,0.0,0.1578196663229475,0.3549679763508227,0.16875,39.77055591338277,0.29089326,sigmoid
26.025413035084462,7.035376218284844,0.0,0.1626588314692779,0.3670207277594539,0.16875,40.99002553025803,0.29925898,prelu
