total_return,sharpe_ratio,max_drawdown,avg_return,std_return,hit_ratio,annual_return,turnover
25.2511466116716,7.05784662681299,0.0,0.1578196663229475,0.3549679763508227,0.16875,39.77055591338277,0.29089326
