total_return,sharpe_ratio,max_drawdown,avg_return,std_return,hit_ratio,annual_return,turnover
24.670089525775843,7.058005689771015,0.0,0.15418805953609901,0.3467919510969174,0.16875,38.855391003096955,0.28444517
