total_return,sharpe_ratio,max_drawdown,avg_return,std_return,hit_ratio,annual_return,turnover,strategy
0.305012697317645,0.01444747030236962,-0.9999999979388463,0.00030501269731764505,0.33514008761263103,0.057,0.07686319972404655,0.0,constant_long_1m
0.305012697317645,0.01444747030236962,-0.9999999979388463,0.00030501269731764505,0.33514008761263103,0.057,0.07686319972404655,0.0,constant_short_1m
5.584931621172018e-05,2.649166995862996e-06,-0.9999999979388463,5.584931621172018e-08,0.3346638437364738,0.056,1.4074027685353485e-05,0.0,constant_long_5m
5.584931621172018e-05,2.649166995862996e-06,-0.9999999979388463,5.584931621172018e-08,0.3346638437364738,0.056,1.4074027685353485e-05,0.0,constant_short_5m
0.0,0.0,0.0,0.0,0.0,0.0,0.0,0.0,constant_hold
