total_return,sharpe_ratio,max_drawdown,avg_return,std_return,hit_ratio,annual_return,turnover
5.584931621172018e-05,2.649166995862996e-06,-0.9999999979388463,5.584931621172018e-08,0.3346638437364738,0.056,1.4074027685353485e-05,0.0
