total_return,sharpe_ratio,max_drawdown,avg_return,std_return,hit_ratio,annual_return,turnover
0.305012697317645,0.01444747030236962,-0.9999999979388463,0.00030501269731764505,0.33514008761263103,0.057,0.07686319972404655,0.0
