total_return,sharpe_ratio,max_drawdown,avg_return,std_return,hit_ratio,annual_return,turnover
-1.869018820861032,-5.631081043722401,-1.8690188208610323,-0.012979297367090501,0.03658976962936046,0.006944444444444444,-3.2707829365068064,0.02530381
