total_return,sharpe_ratio,max_drawdown,avg_return,std_return,hit_ratio,annual_return,turnover
2.1617654214365434,6.723649187367871,0.0,0.015012259871087107,0.03544388333995147,0.18055555555555555,3.783089487513951,0.03157322
