total_return,sharpe_ratio,max_drawdown,avg_return,std_return,hit_ratio,annual_return,turnover
-1.0092904474363364,-6.761664589603201,-1.0092904474363364,-0.007008961440530114,0.016455092092852782,0.006944444444444444,-1.766258283013589,0.01363099
