total_return,sharpe_ratio,max_drawdown,avg_return,std_return,hit_ratio,annual_return,turnover
0.0008341767169256996,5.042451280583389,-4.472788977967398e-05,5.792893867539581e-06,1.8237030791652182e-05,0.125,0.0014598092546199745,1.634737e-05
