total_return,sharpe_ratio,max_drawdown,avg_return,std_return,hit_ratio,annual_return,turnover
0.3861853912108454,4.291540203373242,-0.020059039774915577,0.0026818429945197598,0.009920200136877902,0.10416666666666667,0.6758244346189795,0.015609818
