total_return,sharpe_ratio,max_drawdown,avg_return,std_return,hit_ratio,annual_return,turnover
1.6476159125812098,3.8178255351041903,-0.12727831676602364,0.011441777170702846,0.04757487738287101,0.08333333333333333,2.8833278470171173,0.024208175
