total_return,sharpe_ratio,max_drawdown,avg_return,std_return,hit_ratio,annual_return,turnover
1.2234682454874588,2.710511733826531,-0.20151932537555695,0.008496307260329575,0.04975986444040948,0.09722222222222222,2.141069429603053,0.017539117
