total_return,sharpe_ratio,max_drawdown,avg_return,std_return,hit_ratio,annual_return,turnover
0.7743828088738417,2.488004654236304,-0.08228277415037155,0.005377658394957234,0.03431170450109039,0.06944444444444445,1.355169915529223,0.03440079
