total_return,sharpe_ratio,max_drawdown,avg_return,std_return,hit_ratio,annual_return,turnover
0.007430825263428781,0.0795870941608154,-0.12625212421974139,5.1602953218255425e-05,0.010292767884410865,0.09027777777777778,0.013003944211000366,0.0039110626
