total_return,sharpe_ratio,max_drawdown,avg_return,std_return,hit_ratio,annual_return,turnover
-2.1853005727569594,-4.009554922825977,-2.185300572756959,-0.01517569842192333,0.060083163496599104,0.006944444444444444,-3.824276002324679,0.035276208
